images,retweet_of,handle_original_tweet,handle_original_tweet_name,handle_original_tweet_user,type_of_tweet,time_elapsed,comments_on_tweet,retweets_on_tweet,quote_on_tweet,likes_on_tweet,text,link,profile,profile_handle,posts,likes,followers,following,user,username,quote_original_text
[],,,,,tweet,"Nov 19, 2023 Â· 6:43 PM UTC",65,40,17,279,"Iâ€™m honoured to be selected as the Labour Partyâ€™s Parliamentary candidate for Leicester East. 

Itâ€™s time to use this auspicious moment to reset Leicester East, with a Labour MP whoâ€™ll deliver for everyone who lives here. 

Together, letâ€™s get Britainâ€™s future back.",https://nitter.poast.org/RajeshAgrawal/status/1726310275509317985#m,Rajesh Agrawal,RajeshAgrawal,6894,1524,10765,1068,Rajesh Agrawal,@RajeshAgrawal,
['https://nitter.poast.org/pic/orig/media%2FGNukUREWQAAC1dM.jpg'],,,,,tweet,"May 16, 2024 Â· 8:35 PM UTC",1,1,,1,"Keir Starmerâ€™s first six first steps for change. 
 
Fully funded and ready to go! ğŸ‡¬ğŸ‡§ğŸŒ¹",https://nitter.poast.org/RajeshAgrawal/status/1791205949463474354#m,Rajesh Agrawal,RajeshAgrawal,6894,1524,10765,1068,Rajesh Agrawal,@RajeshAgrawal,
"['https://nitter.poast.org/pic/orig/media%2FGNtgtJRWQAA_LuW.jpg', 'https://nitter.poast.org/pic/orig/media%2FGNtgtJLXYAA8wZI.jpg']",,,,,tweet,"May 16, 2024 Â· 3:40 PM UTC",2,1,,5,Fantastic meeting with the  Deputy Irish Ambassador Orla McBreen over Gujarati Indian vegetarian meal in Leicester East. ğŸ‡¬ğŸ‡§ğŸ‡®ğŸ‡ª@IrelandEmbGB,https://nitter.poast.org/RajeshAgrawal/status/1791131615810207842#m,Rajesh Agrawal,RajeshAgrawal,6894,1524,10765,1068,Rajesh Agrawal,@RajeshAgrawal,
['https://nitter.poast.org/pic/orig/media%2FGNOFQ8uXoAAsaXI.jpg'],Rajesh Agrawal retweeted,,Samir Mayekar,@chicagosamir,retweet,"May 10, 2024 Â· 1:12 PM UTC",1,1,,2,Also sat down with my counterpart former London deputy mayor @RajeshAgrawal who is Labourâ€™s candidate for MP in the Leicester East community. Heâ€™s done a great deal to support a strong UK/India economic connection and is a fellow entrepreneur.,https://nitter.poast.org/chicagosamir/status/1788920009374179703#m,Rajesh Agrawal,RajeshAgrawal,6894,1524,10765,1068,Samir Mayekar,@chicagosamir,
['https://nitter.poast.org/pic/orig/media%2FGNR9AN9W8AEBdl1.jpg'],Rajesh Agrawal retweeted,,Leicestershire Cares #TogetherWeCan,@LeicsCares,retweet,"May 11, 2024 Â· 7:14 AM UTC",5,16,,86,#NorthernLights Bradgate park @visit_leicester,https://nitter.poast.org/LeicsCares/status/1789192398687404336#m,Rajesh Agrawal,RajeshAgrawal,6894,1524,10765,1068,Leicestershire Cares #TogetherWeCan,@LeicsCares,
[],Rajesh Agrawal retweeted,,Shirley Rodrigues,@sabrodrigues61,retweet,"May 10, 2024 Â· 11:58 AM UTC",37,10,8,84,"Some news from me.Thanks to those Iâ€™ve worked with over the years esp â¦@SadiqKhanâ© & the teams at the GLA, TfL & all the campaigners.Great to see such a ringing endorsement of #ULEZ & #climateaction at the election. â¦â¦@LDN_environmentâ© â¦ london.gov.uk/media-centre/mâ€¦",https://nitter.poast.org/sabrodrigues61/status/1788901519753884157#m,Rajesh Agrawal,RajeshAgrawal,6894,1524,10765,1068,Shirley Rodrigues,@sabrodrigues61,
[],Rajesh Agrawal retweeted,,Sadiq Khan,@SadiqKhan,retweet,"May 10, 2024 Â· 6:17 PM UTC",1,26,10,106,"Shirley has spearheaded initiatives to bring clean air to millions of Londoners, as well as helping London become a world-leader on climate resilience, rewilding and achieving Net Zero by 2030.

Thank you Shirley! Looking forward to working with you as part of @c40cities ğŸ™ğŸ¾ğŸ’š",https://nitter.poast.org/SadiqKhan/status/1788996717653725287#m,Rajesh Agrawal,RajeshAgrawal,6894,1524,10765,1068,Sadiq Khan,@SadiqKhan,
['https://nitter.poast.org/pic/orig/media%2FGNOlAklXEAAYd1F.jpg'],,,,,tweet,"May 10, 2024 Â· 3:31 PM UTC",,1,,6,"Great to catch up with my friend, entrepreneur & Former Deputy Mayor of the City of Chicago Samir Mayekar on his visit to London last week. ğŸ‡¬ğŸ‡§ğŸ‡ºğŸ‡¸

@chicagosamir @polskycenter",https://nitter.poast.org/RajeshAgrawal/status/1788954916565680559#m,Rajesh Agrawal,RajeshAgrawal,6894,1524,10765,1068,Rajesh Agrawal,@RajeshAgrawal,
[],Rajesh Agrawal retweeted,,Keir Starmer,@Keir_Starmer,retweet,"May 10, 2024 Â· 1:03 PM UTC",494,521,24,"2,025","Former Head of Counter Terror policing, Neil Basu knows what it takes to protect national security.

Now heâ€™s backing Labourâ€™s plan to protect our borders â€”with a new Border Security Command and tough counter terror powers to smash criminal smuggling gangs.telegraph.co.uk/politics/202â€¦",https://nitter.poast.org/Keir_Starmer/status/1788917880970486257#m,Rajesh Agrawal,RajeshAgrawal,6894,1524,10765,1068,Keir Starmer,@Keir_Starmer,
"['https://nitter.poast.org/pic/orig/media%2FGNKdX5-XEAEyHOc.jpg', 'https://nitter.poast.org/pic/orig/media%2FGNKdX6GWcAEo6jR.jpg', 'https://nitter.poast.org/pic/orig/media%2FGNKdX6BWoAACwo2.jpg', 'https://nitter.poast.org/pic/orig/media%2FGNKdX6GXEAArKWE.jpg']",,,,,tweet,"May 9, 2024 Â· 8:19 PM UTC",1,4,,14,"A pleasure to welcome legendary film actress @AzmiShabana to Leicester today at the Phoenix Cinema as a part of @ukasianfilmfest 

As one of the most diverse cities in the world, Leicester  is teeming with creative industries talent. ğŸ‡¬ğŸ‡§ğŸ‡®ğŸ‡³@SamirBhamra",https://nitter.poast.org/RajeshAgrawal/status/1788665042759504116#m,Rajesh Agrawal,RajeshAgrawal,6894,1524,10765,1068,Rajesh Agrawal,@RajeshAgrawal,
[],Rajesh Agrawal retweeted,,Sadiq Khan,@SadiqKhan,retweet,"May 8, 2024 Â· 7:58 AM UTC",3,91,41,563,"NEW: South by Southwest is heading to London in 2025! â¦ğŸ™ŒğŸ¾

Absolutely thrilled to welcome @sxsw to London for the first time ever - confirming our place at the heart of Europeâ€™s tech and creative sectors & as a global capital of culture.
 cityam.com/south-by-southwesâ€¦",https://nitter.poast.org/SadiqKhan/status/1788116244362596693#m,Rajesh Agrawal,RajeshAgrawal,6894,1524,10765,1068,Sadiq Khan,@SadiqKhan,
"['https://nitter.poast.org/pic/orig/media%2FGMzsy4gW0AAEUlm.jpg', 'https://nitter.poast.org/pic/orig/media%2FGMzsy4nWEAEUcca.jpg', 'https://nitter.poast.org/pic/orig/media%2FGMzsy4nWEAAMZZE.jpg', 'https://nitter.poast.org/pic/orig/media%2FGMzsy4mWIAAEw9m.jpg']",Rajesh Agrawal retweeted,,Jewish Labour Movement,@JewishLabour,retweet,"May 5, 2024 Â· 10:15 AM UTC",14,46,2,294,"Mazal tov to @SadiqKhan on winning a historic third term as Mayor of London!

Your win marks the triumph of hope over the politics of fear, division and racism.

Weâ€™re proud to have nominated and campaigned for you.",https://nitter.poast.org/JewishLabour/status/1787063518283317392#m,Rajesh Agrawal,RajeshAgrawal,6894,1524,10765,1068,Jewish Labour Movement,@JewishLabour,
"['https://nitter.poast.org/pic/orig/media%2FGMzNPF7XgAACg8J.jpg', 'https://nitter.poast.org/pic/orig/media%2FGMzNPOpXMAA12U3.jpg']",,,,@SadiqKhan,quote,"May 5, 2024 Â· 7:58 AM UTC",,1,,7,ğŸ’™,https://nitter.poast.org/RajeshAgrawal/status/1787029084205203533#m,Rajesh Agrawal,RajeshAgrawal,6894,1524,10765,1068,Rajesh Agrawal,@RajeshAgrawal,"How it started              How itâ€™s going

Thank you London. â¤ï¸ğŸ™ğŸ¿"
['https://nitter.poast.org/pic/orig/media%2FGMv1dR0WoAECWVd.jpg'],Rajesh Agrawal retweeted,,Rajesh Agrawal,@RajeshAgrawal,retweet,"May 4, 2024 Â· 4:14 PM UTC",2,7,1,58,"Many congratulations to my friend @SadiqKhan for winning the confidence of Londoners for the record third term! 

Sadiqâ€™s win is a win of hope, unity and resilience. 

#LondonMayorElection",https://nitter.poast.org/RajeshAgrawal/status/1786791565723140508#m,Rajesh Agrawal,RajeshAgrawal,6894,1524,10765,1068,Rajesh Agrawal,@RajeshAgrawal,
[],Rajesh Agrawal retweeted,,Mike Bloomberg,@MikeBloomberg,retweet,"May 4, 2024 Â· 3:16 PM UTC",399,313,50,"1,924","A big congratulations to Mayor @SadiqKhan on a well-earned victory. His innovative leadership has made London safer, healthier, more inclusive and more prosperous. I look forward to seeing - and continuing to support - the progress London will make in the years ahead.",https://nitter.poast.org/MikeBloomberg/status/1786777041745944610#m,Rajesh Agrawal,RajeshAgrawal,6894,1524,10765,1068,Mike Bloomberg,@MikeBloomberg,
[],Rajesh Agrawal retweeted,,Politics UK,@PolitlcsUK,retweet,"May 3, 2024 Â· 12:17 PM UTC",25,230,49,"2,355",ğŸš¨ BREAKING: Labour declares VICTORY in the East Midlands mayoral election,https://nitter.poast.org/PolitlcsUK/status/1786369417426722957#m,Rajesh Agrawal,RajeshAgrawal,6894,1524,10765,1068,Politics UK,@PolitlcsUK,
['https://nitter.poast.org/pic/orig/media%2FGMmmm7iXgAA0B-N.jpg'],Rajesh Agrawal retweeted,,Sadiq Khan,@SadiqKhan,retweet,"May 2, 2024 Â· 9:13 PM UTC",7,233,52,"6,121","15 hours. Hundreds of doors knocked. 42,000 steps. 

Thank you to everyone who volunteered, who gave up their time, and who voted. â¤ï¸ğŸ™ğŸ¿",https://nitter.poast.org/SadiqKhan/status/1786141919363448885#m,Rajesh Agrawal,RajeshAgrawal,6894,1524,10765,1068,Sadiq Khan,@SadiqKhan,
['https://nitter.poast.org/pic/orig/media%2FGMluEk1XwAAD5S5.jpg'],,,,,tweet,"May 2, 2024 Â· 5:06 PM UTC",1,6,,20,Very energetic and non stop campaigning going on in Leicester East for @Rory_Palmer for Police & Crime Commissioner. ğŸŒ¹,https://nitter.poast.org/RajeshAgrawal/status/1786079773912916278#m,Rajesh Agrawal,RajeshAgrawal,6894,1524,10765,1068,Rajesh Agrawal,@RajeshAgrawal,
['https://nitter.poast.org/pic/orig/media%2FGMjpFHeboAA9kBF.jpg'],Rajesh Agrawal retweeted,,Rajesh Thind,@RajeshThind,retweet,"May 2, 2024 Â· 7:25 AM UTC",1,4,,13,This little person is one of the reasons I am voting for @SadiqKhan. I want my daughter to grow up in a city with cleaner air where her health & future is a priority for our political leaders. Susan Hall would set this city back decades in the battle against air pollution. Vote!,https://nitter.poast.org/RajeshThind/status/1785933549398556804#m,Rajesh Agrawal,RajeshAgrawal,6894,1524,10765,1068,Rajesh Thind,@RajeshThind,
['https://nitter.poast.org/pic/orig/media%2FGMkt-vdWoAAeKHY.jpg'],,,,,tweet,"May 2, 2024 Â· 12:26 PM UTC",,,,4,"Many people in the country today will be voting to elect their Mayor, Assembly Member, Councillor and/or PCC. 

If you are eligible to vote in todayâ€™s local elections. Please do go out and vote! ğŸ—³ï¸",https://nitter.poast.org/RajeshAgrawal/status/1786009290953605145#m,Rajesh Agrawal,RajeshAgrawal,6894,1524,10765,1068,Rajesh Agrawal,@RajeshAgrawal,
"['https://nitter.poast.org/pic/orig/media%2FGMkB0D-XQAAiMDz.jpg', 'https://nitter.poast.org/pic/orig/media%2FGMkB0D8XoAEj8I4.jpg', 'https://nitter.poast.org/pic/orig/media%2FGMkB0D7WUAAVtRs.jpg']",,,,,tweet,"May 2, 2024 Â· 9:13 AM UTC",,2,,2,Such a pleasure to attend the National Council of Gujarati Organisations UK (NCGO UK) Gujarat Day   celebrations yesterday along with CB Patel of Gujarat Samachar and other Gujarati community leaders. #GujaratFoundationDay,https://nitter.poast.org/RajeshAgrawal/status/1785960727678751226#m,Rajesh Agrawal,RajeshAgrawal,6894,1524,10765,1068,Rajesh Agrawal,@RajeshAgrawal,
['https://nitter.poast.org/pic/orig/media%2FGMhDoNAXUAAmxzC.jpg'],,,,,tweet,"May 1, 2024 Â· 7:22 PM UTC",,2,,5,"àª—à«àªœàª°àª¾àª¤ àª¦àª¿àªµàª¸ àªªàª° àª—à«àªœàª°àª¾àª¤à«€ àª¸àª®à«àª¦àª¾àª¯àª¨à«‡ àª¹à«ƒàª¦àª¯àªªà«‚àª°à«àªµàª• àª¶à«àª­à«‡àªšà«àª›àª¾àª“! àªœàª¯ àªœàª¯ àª—àª°àªµà«€ àª—à«àªœàª°àª¾àª¤! #àª—à«àªœàª°àª¾àª¤àª¦àª¿àªµàª¸

Heartiest greetings to the Gujarati community on Gujarat Day! Jay Jay Garvi Gujarat! #GujaratDay",https://nitter.poast.org/RajeshAgrawal/status/1785751639447458284#m,Rajesh Agrawal,RajeshAgrawal,6894,1524,10765,1068,Rajesh Agrawal,@RajeshAgrawal,
['https://nitter.poast.org/pic/orig/media%2FGMgWiXeXoAEAPfz.jpg'],Rajesh Agrawal retweeted,,Rory Palmer,@Rory_Palmer,retweet,"May 1, 2024 Â· 4:05 PM UTC",15,15,1,74,Great to have my good friend and Labourâ€™s Chief Whip in the House of Lords @LordRoyKennedy with us on the campaign trail today #VoteLabour,https://nitter.poast.org/Rory_Palmer/status/1785702036786249783#m,Rajesh Agrawal,RajeshAgrawal,6894,1524,10765,1068,Rory Palmer,@Rory_Palmer,
[],Rajesh Agrawal retweeted,,Bernard Donoghue,@bernarddonoghue,retweet,"May 1, 2024 Â· 8:00 AM UTC",,9,,16,"As co-chair of the London tourism recovery board, created during the pandemic, I know that we wouldnâ€™t have recovered our international and domestic markets so quickly, & attracted huge spending to London without @SadiqKhan â€˜s leadership, advocacy and funding. Heâ€™s got my vote.",https://nitter.poast.org/bernarddonoghue/status/1785579926877294896#m,Rajesh Agrawal,RajeshAgrawal,6894,1524,10765,1068,Bernard Donoghue,@bernarddonoghue,
[],,,,,tweet,"May 1, 2024 Â· 10:44 AM UTC",,,,1,"Great to see London businesses back @SadiqKhan as the most pro business @MayorofLondon 

Sadiq has continued to support & champion businesses against the backdrop of botched Brexit, the pandemic and the huge rise in cost of doing business crisis. 

 cityam.com/exclusive-canary-â€¦",https://nitter.poast.org/RajeshAgrawal/status/1785621434582048993#m,Rajesh Agrawal,RajeshAgrawal,6894,1524,10765,1068,Rajesh Agrawal,@RajeshAgrawal,
[],Rajesh Agrawal retweeted,,Sadiq Khan,@SadiqKhan,retweet,"Apr 29, 2024 Â· 7:18 PM UTC","6,417",935,519,"4,438","My message to Londoners: 

I love our city. Being Mayor is the privilege of my life and the best job in the world.

If I'm re-elected, my plans will make London fairer, safer and greener for everyone.

If you love London, vote for it.",https://nitter.poast.org/SadiqKhan/status/1785025811067572735#m,Rajesh Agrawal,RajeshAgrawal,6894,1524,10765,1068,Sadiq Khan,@SadiqKhan,
[],,,,@RachelReevesMP,quote,"Apr 25, 2024 Â· 1:06 PM UTC",,,1,2,Spot on!,https://nitter.poast.org/RajeshAgrawal/status/1783482820179980696#m,Rajesh Agrawal,RajeshAgrawal,6894,1524,10765,1068,Rajesh Agrawal,@RajeshAgrawal,"If I become Chancellor, I will work hand in hand with business to grow our economy.

It is only by unlocking business investment that we can lift living Â­standards and achieve our potential.
thetimes.co.uk/article/41609â€¦"
['https://nitter.poast.org/pic/orig/media%2FGL84DpGXYAEoTQl.jpg'],Rajesh Agrawal retweeted,,Nancy Pelosi,@SpeakerPelosi,retweet,"Apr 24, 2024 Â· 6:45 PM UTC","3,374",924,467,"7,286","Today, I was pleased to meet with @MayorofLondon Sadiq Khan to support his leadership and discuss his efforts to achieve a fairer and more equitable London for all.",https://nitter.poast.org/SpeakerPelosi/status/1783205617286385897#m,Rajesh Agrawal,RajeshAgrawal,6894,1524,10765,1068,Nancy Pelosi,@SpeakerPelosi,
['https://nitter.poast.org/pic/orig/media%2FGL83EoPaQAAZYZQ.jpg'],Rajesh Agrawal retweeted,,Keir Starmer,@Keir_Starmer,retweet,"Apr 24, 2024 Â· 6:44 PM UTC","1,562",398,214,"2,880","Great to speak with @SpeakerPelosi today. 

Always good to talk about politics in the UK and US, the unique bond between our two countries and how our collective values can bring prosperity and security across the world.",https://nitter.poast.org/Keir_Starmer/status/1783205489482084364#m,Rajesh Agrawal,RajeshAgrawal,6894,1524,10765,1068,Keir Starmer,@Keir_Starmer,
['https://nitter.poast.org/pic/orig/media%2FGL2LtACWYAA3BSp.jpg'],,,,,tweet,"Apr 23, 2024 Â· 11:33 AM UTC",,,,1,#HappyStGeorgesDay,https://nitter.poast.org/RajeshAgrawal/status/1782734637241966672#m,Rajesh Agrawal,RajeshAgrawal,6894,1524,10765,1068,Rajesh Agrawal,@RajeshAgrawal,
"['https://nitter.poast.org/pic/orig/media%2FGLwteE5XMAAK2D6.jpg', 'https://nitter.poast.org/pic/orig/media%2FGLwteGoXQAEYo4d.jpg', 'https://nitter.poast.org/pic/orig/media%2FGLwteI6WkAA5LOF.jpg']",Rajesh Agrawal retweeted,,Seema Malhotra MPğŸ’™,@SeemaMalhotra1,retweet,"Apr 22, 2024 Â· 10:04 AM UTC",,4,,4,"Pleased to join @ISKCON_Manor for #RamNavami celebrations on Sunday. The Manor was bought by the late George Harrison and is a centre of prayer, meditation and worship by Krishna devotees. @PrimeshPatel @RajeshAgrawal",https://nitter.poast.org/SeemaMalhotra1/status/1782349831635095894#m,Rajesh Agrawal,RajeshAgrawal,6894,1524,10765,1068,Seema Malhotra MPğŸ’™,@SeemaMalhotra1,
['https://nitter.poast.org/pic/orig/media%2FGLt5yP9XcAA5VmU.jpg'],Rajesh Agrawal retweeted,,Primesh Patel,@PrimeshPatel,retweet,"Apr 21, 2024 Â· 8:58 PM UTC",,4,1,22,An absolute pleasure to join thousands of devotees at ISKCON Bhaktivedanta Manor today for Rama Navami festivities with @SeemaMalhotra1,https://nitter.poast.org/PrimeshPatel/status/1782151988240691391#m,Rajesh Agrawal,RajeshAgrawal,6894,1524,10765,1068,Primesh Patel,@PrimeshPatel,
[],Rajesh Agrawal retweeted,,Romail Gulzar FRSA,@RomailGulzar,retweet,"Apr 18, 2024 Â· 9:50 AM UTC",1,2,,7,Is Leicester Englandâ€™s â€˜Curry Capitalâ€™?,https://nitter.poast.org/RomailGulzar/status/1780896744902979752#m,Rajesh Agrawal,RajeshAgrawal,6894,1524,10765,1068,Romail Gulzar FRSA,@RomailGulzar,
[],Rajesh Agrawal retweeted,,Jonathan Reynolds,@jreynoldsMP,retweet,"Apr 17, 2024 Â· 4:47 PM UTC",207,153,12,594,"Delighted that Labour has won the trust of so many business leaders.

It is clear that business has had enough of Conservative chaos and wants the stability to prosper that only Labour can provide.

cityam.com/exclusive-businesâ€¦",https://nitter.poast.org/jreynoldsMP/status/1780639292571754740#m,Rajesh Agrawal,RajeshAgrawal,6894,1524,10765,1068,Jonathan Reynolds,@jreynoldsMP,
[],Rajesh Agrawal retweeted,,David Lammy,@DavidLammy,retweet,"Apr 17, 2024 Â· 7:51 AM UTC",656,108,267,330,"Progressive Realism will underpin @UKLabour's foreign policy approach.

It takes the world as it is. Not as we wish it to be. It is realist means for progressive ends.

Today Iâ€™ve published â€˜The Case for Progressive Realismâ€™ in @ForeignAffairs ğŸ‘‡ğŸ¿
foreignaffairs.com/united-kiâ€¦",https://nitter.poast.org/DavidLammy/status/1780504319378256004#m,Rajesh Agrawal,RajeshAgrawal,6894,1524,10765,1068,David Lammy,@DavidLammy,
['https://nitter.poast.org/pic/orig/media%2FGLMSN8nXYAAIx7b.jpg'],Rajesh Agrawal retweeted,,Sadiq Khan,@SadiqKhan,retweet,"Apr 15, 2024 Â· 8:18 AM UTC",,399,35,"1,431","The last time Labour was in government, we made real progress in tackling rough sleeping. 

This year Londoners have the chance to have a Labour Mayor and Labour Government working together to end rough sleeping in London. 

That starts with voting Labour on 2 May.",https://nitter.poast.org/SadiqKhan/status/1779786319972954588#m,Rajesh Agrawal,RajeshAgrawal,6894,1524,10765,1068,Sadiq Khan,@SadiqKhan,
['https://nitter.poast.org/pic/orig/media%2FGLE5Dl7XgAApLKd.jpg'],Rajesh Agrawal retweeted,,Keir Starmer,@Keir_Starmer,retweet,"Apr 13, 2024 Â· 9:52 PM UTC","7,412",895,"1,851","6,009",My statement on the Iranian regimeâ€™s attack on Israel.,https://nitter.poast.org/Keir_Starmer/status/1779266317532475699#m,Rajesh Agrawal,RajeshAgrawal,6894,1524,10765,1068,Keir Starmer,@Keir_Starmer,
['https://nitter.poast.org/pic/orig/media%2FGLEeTNiWIAEik9y.jpg'],Rajesh Agrawal retweeted,,The Royal Family,@RoyalFamily,retweet,"Apr 13, 2024 Â· 7:54 PM UTC",54,226,12,"1,971",Wishing Sikhs across the UK and around the world a very happy #Vaisakhi,https://nitter.poast.org/RoyalFamily/status/1779236648984646100#m,Rajesh Agrawal,RajeshAgrawal,6894,1524,10765,1068,The Royal Family,@RoyalFamily,
['https://nitter.poast.org/pic/orig/media%2FGLCLe6TWQAAT5pH.jpg'],,,,,tweet,"Apr 13, 2024 Â· 9:12 AM UTC",1,2,,13,#HappyVaisakhi,https://nitter.poast.org/RajeshAgrawal/status/1779075223981101425#m,Rajesh Agrawal,RajeshAgrawal,6894,1524,10765,1068,Rajesh Agrawal,@RajeshAgrawal,
"['https://nitter.poast.org/pic/orig/media%2FGLCHKu8XoAAHgJW.jpg', 'https://nitter.poast.org/pic/orig/media%2FGLCHKvGXIAAHZYt.jpg']",,,,,tweet,"Apr 13, 2024 Â· 8:53 AM UTC",1,1,,7,"Great to attend the Nachural Entrepreneurship Awards at the King Power Stadium in Leicester last night. Met some fantastic entrepreneurs from across the Midlands. 

Thank you to @ninderjohal for his relentless work to promote & celebrate entrepreneurship. 

@NachuralEvents",https://nitter.poast.org/RajeshAgrawal/status/1779070482244895018#m,Rajesh Agrawal,RajeshAgrawal,6894,1524,10765,1068,Rajesh Agrawal,@RajeshAgrawal,
['https://nitter.poast.org/pic/orig/media%2FGK3pJokXsAALN4S.jpg'],,,,@UKinIndia,quote,"Apr 11, 2024 Â· 3:04 PM UTC",,,,3,Many congratulations @Lindy_Cameron. Wish you the very best and looking forward to working with you.,https://nitter.poast.org/RajeshAgrawal/status/1778438864085909686#m,Rajesh Agrawal,RajeshAgrawal,6894,1524,10765,1068,Rajesh Agrawal,@RajeshAgrawal,"Lindy Cameron has been appointed British High Commissioner to India. 

ğŸ‘‰ @Lindy_Cameron 

gov.uk/government/news/changâ€¦"
['https://nitter.poast.org/pic/orig/media%2FGKrbT_GXwAAt7I_.jpg'],Rajesh Agrawal retweeted,,Sadiq Khan,@SadiqKhan,retweet,"Apr 10, 2024 Â· 8:48 PM UTC",2,163,18,762,"Defiance has been harrowing to watch. For many Londoners it's been triggering to remember how things were. 

To all those heroes who fought back, some of whom I am proud to call friends: thank you. 

Itâ€™s a reminder to ensure different perspectives of our history are told, and also the need for vigilance in light of recent language we've seen from mainstream politicians. #Defiance",https://nitter.poast.org/SadiqKhan/status/1778163171565453336#m,Rajesh Agrawal,RajeshAgrawal,6894,1524,10765,1068,Sadiq Khan,@SadiqKhan,
['https://nitter.poast.org/pic/orig/media%2FGKwWmtBW0AAdk3Z.jpg'],,,,,tweet,"Apr 9, 2024 Â· 10:08 PM UTC",1,,,4,#EidAlFitr,https://nitter.poast.org/RajeshAgrawal/status/1777820826575757803#m,Rajesh Agrawal,RajeshAgrawal,6894,1524,10765,1068,Rajesh Agrawal,@RajeshAgrawal,
"['https://nitter.poast.org/pic/orig/media%2FGKQyIdaWcAA-QYJ.jpg', 'https://nitter.poast.org/pic/orig/media%2FGKQyId3XoAAgHuL.jpg', 'https://nitter.poast.org/pic/orig/media%2FGKQyQRjXUAAdDzV.jpg', 'https://nitter.poast.org/pic/orig/media%2FGKQyN_QWkAAgv4k.jpg']",Rajesh Agrawal retweeted,,Sadiq Khan,@SadiqKhan,retweet,"Apr 3, 2024 Â· 7:01 PM UTC",1,29,9,143,"Great to join @RachelReevesMP at @TheCrick, a global beacon of life sciences research and biomedical discovery.

Our plan for growth will focus on the fastest growing sectors for London's economy: AI, fintech, climate tech, and life sciences.",https://nitter.poast.org/SadiqKhan/status/1775599466436837671#m,Rajesh Agrawal,RajeshAgrawal,6894,1524,10765,1068,Sadiq Khan,@SadiqKhan,
['https://nitter.poast.org/pic/orig/media%2FGJ_i55xWEAARflP.jpg'],,,,,tweet,"Mar 31, 2024 Â· 10:40 AM UTC",,,,8,#HappyEaster,https://nitter.poast.org/RajeshAgrawal/status/1774386270149505210#m,Rajesh Agrawal,RajeshAgrawal,6894,1524,10765,1068,Rajesh Agrawal,@RajeshAgrawal,
['https://nitter.poast.org/pic/orig/media%2FGJ7RPuOW8AAclvd.jpg'],Rajesh Agrawal retweeted,,Steve Bonham,@SteveBonham8,retweet,"Mar 30, 2024 Â· 5:11 PM UTC",,2,,2,"Promoting Labour's New Deal for working People. Many struggling with the cost of living and  insecure, irregular work.  Short hours or unemployed with the rapid decline in Leicester textile factories. Rajesh's experience in generating new jobs while Deputy Mayor of London useful",https://nitter.poast.org/SteveBonham8/status/1774122212120777112#m,Rajesh Agrawal,RajeshAgrawal,6894,1524,10765,1068,Steve Bonham,@SteveBonham8,
['https://nitter.poast.org/pic/orig/media%2FGJ7RPuOW8AAclvd.jpg'],,,,,tweet,"Mar 30, 2024 Â· 2:44 PM UTC",,,1,10,Quick pitstop for a chai on this busy campaigning weekend. â˜•ï¸ğŸŒ¹,https://nitter.poast.org/RajeshAgrawal/status/1774085395187167432#m,Rajesh Agrawal,RajeshAgrawal,6894,1524,10765,1068,Rajesh Agrawal,@RajeshAgrawal,
['https://nitter.poast.org/pic/orig/media%2FGJq7AtUXUAA_MRa.jpg'],,,,,tweet,"Mar 27, 2024 Â· 10:33 AM UTC",3,1,,5,"Beautiful Ramadan lights in Londonâ€™s Westend. #RAMADAN 

@AzizFndn @ramadanlightsUK",https://nitter.poast.org/RajeshAgrawal/status/1772935032694345729#m,Rajesh Agrawal,RajeshAgrawal,6894,1524,10765,1068,Rajesh Agrawal,@RajeshAgrawal,
"['https://nitter.poast.org/pic/orig/media%2FGJlRGBQXQAAXmsR.jpg', 'https://nitter.poast.org/pic/orig/media%2FGJlRGAZWsAAAqN-.jpg', 'https://nitter.poast.org/pic/orig/media%2FGJlRGBAXgAAgQDG.jpg']",Rajesh Agrawal retweeted,,Keir Starmer,@Keir_Starmer,retweet,"Mar 26, 2024 Â· 8:13 AM UTC",334,174,17,"1,241","Great to join Holi celebrations last night and recognise the enormous contribution of the British Indian community across the UK. 

I hope all those celebrating had a Happy Holi.",https://nitter.poast.org/Keir_Starmer/status/1772537459340964156#m,Rajesh Agrawal,RajeshAgrawal,6894,1524,10765,1068,Keir Starmer,@Keir_Starmer,
"['https://nitter.poast.org/pic/orig/media%2FGJi6WMXXoAAjFTK.jpg', 'https://nitter.poast.org/pic/orig/media%2FGJi6cADWQAAez8p.jpg', 'https://nitter.poast.org/pic/orig/media%2FGJi6dMbXgAANbOm.jpg', 'https://nitter.poast.org/pic/orig/media%2FGJi6hxbXYAEOurO.jpg']",Rajesh Agrawal retweeted,,Sadiq Khan,@SadiqKhan,retweet,"Mar 25, 2024 Â· 9:14 PM UTC",,113,8,894,"This is London: breaking my #Ramadan fast tonight at a #Holi event with @Keir_Starmer.

This Hindu festival is one of the most vivid, joyous festivals marked anywhere in the world.

Great to join celebrations across our city today - showing our diversity is our strength.",https://nitter.poast.org/SadiqKhan/status/1772371550534070506#m,Rajesh Agrawal,RajeshAgrawal,6894,1524,10765,1068,Sadiq Khan,@SadiqKhan,
[],Rajesh Agrawal retweeted,,Sadiq Khan,@SadiqKhan,retweet,"Mar 25, 2024 Â· 8:23 AM UTC",2,209,25,"1,291","Today marks #Holi - the Hindu festival of colour, love and new hope. 

London's Hindu community make an enormous contribution to our city.

To everyone celebrating: Happy Holi!",https://nitter.poast.org/SadiqKhan/status/1772177406335320200#m,Rajesh Agrawal,RajeshAgrawal,6894,1524,10765,1068,Sadiq Khan,@SadiqKhan,
['https://nitter.poast.org/pic/orig/media%2FGJbSW71W4AA9T7J.jpg'],,,,,tweet,"Mar 24, 2024 Â· 9:41 AM UTC",1,1,,7,#HappyHoli,https://nitter.poast.org/RajeshAgrawal/status/1771834798543131002#m,Rajesh Agrawal,RajeshAgrawal,6894,1524,10765,1068,Rajesh Agrawal,@RajeshAgrawal,
[],,,,,tweet,"Mar 22, 2024 Â· 11:33 PM UTC",,,,5,"Excellent response on the doorsteps at the canvassing session today in Belgrave. 

The country is ready for a change!",https://nitter.poast.org/RajeshAgrawal/status/1771319422029877354#m,Rajesh Agrawal,RajeshAgrawal,6894,1524,10765,1068,Rajesh Agrawal,@RajeshAgrawal,
[],,,,@KensingtonRoyal,quote,"Mar 22, 2024 Â· 7:32 PM UTC",,,,1,Wishing the Princess of Wales a speedy and full recovery. My thoughts and prayers are with her & her family. ğŸ™ğŸ½,https://nitter.poast.org/RajeshAgrawal/status/1771258709324280019#m,Rajesh Agrawal,RajeshAgrawal,6894,1524,10765,1068,Rajesh Agrawal,@RajeshAgrawal,"A message from Catherine, The Princess of Wales"
['https://nitter.poast.org/pic/orig/media%2FGJLye-DW0AAa54k.jpg'],,,,,tweet,"Mar 21, 2024 Â· 9:28 AM UTC",2,,,15,"Great to catch up with @JonAshworth, MP for Leicester South and Shadow Paymaster General.",https://nitter.poast.org/RajeshAgrawal/status/1770744226126446896#m,Rajesh Agrawal,RajeshAgrawal,6894,1524,10765,1068,Rajesh Agrawal,@RajeshAgrawal,
[],Rajesh Agrawal retweeted,,Rachel Reeves,@RachelReevesMP,retweet,"Mar 19, 2024 Â· 8:06 AM UTC","1,026",374,108,"1,283","Our country is at a crossroads. 

At the election, people will have the chance to vote for change - and to bring about a new chapter in Britain's economic history.
bbc.co.uk/news/business-6860â€¦",https://nitter.poast.org/RachelReevesMP/status/1769998756173234500#m,Rajesh Agrawal,RajeshAgrawal,6894,1524,10765,1068,Rachel Reeves,@RachelReevesMP,
"['https://nitter.poast.org/pic/orig/media%2FGJGcE3qW4AAtcsB.jpg', 'https://nitter.poast.org/pic/orig/media%2FGJGcE3uXwAEZw9H.jpg', 'https://nitter.poast.org/pic/orig/media%2FGJGcE3vWUAAsLAJ.jpg', 'https://nitter.poast.org/pic/orig/media%2FGJGcE3nXAAEjl-f.jpg']",,,,,tweet,"Mar 20, 2024 Â· 8:32 AM UTC",,14,,63,"Wonderful to join the @Dawoodi_Bohras community of Leicester for the fast breaking meal (Iftar) at the Burhani mosque yesterday.  

Iftar brings people together & it was warming to see people of different faiths including Hindus, Sikhs & Christians join in as well.",https://nitter.poast.org/RajeshAgrawal/status/1770367744048820570#m,Rajesh Agrawal,RajeshAgrawal,6894,1524,10765,1068,Rajesh Agrawal,@RajeshAgrawal,
['https://nitter.poast.org/pic/orig/media%2FGI90xBtW4AAsA1v.jpg'],,,,@Keir_Starmer,quote,"Mar 18, 2024 Â· 7:56 PM UTC",,,,4,Two winners!,https://nitter.poast.org/RajeshAgrawal/status/1769815215787397390#m,Rajesh Agrawal,RajeshAgrawal,6894,1524,10765,1068,Rajesh Agrawal,@RajeshAgrawal,"Labour in power delivers. @SadiqKhan has shown that as Mayor of London.  

Great to be with him today as he launches his re-election campaign, pledging 40,000 council homes by 2030. 

London, vote Labour on Thursday 2 May."
['https://nitter.poast.org/pic/orig/media%2FGIkkng_XUAAtXAj.jpg'],,,,,tweet,"Mar 13, 2024 Â· 6:42 PM UTC",,,1,3,"Fantastic to visit the factory of @jakeandnayns, a great Leicester food tech business started by two brothers with love of food. 

Talking to the cofounder @JakeKaria, itâ€™s clear why they are such a success supplying to all major UK supermarkets!  #LeicesterBusiness",https://nitter.poast.org/RajeshAgrawal/status/1767984599693488374#m,Rajesh Agrawal,RajeshAgrawal,6894,1524,10765,1068,Rajesh Agrawal,@RajeshAgrawal,
['https://nitter.poast.org/pic/orig/media%2FGIaegF6W4AAK7o3.jpg'],,,,,tweet,"Mar 11, 2024 Â· 7:39 PM UTC",2,1,,16,"Many congratulations to Leicesterâ€™s Mumbai Sandwich Station for winning the Restaurant of the Year (Street Food) award event held in the Houses of Parliament.  

I reckon their Bombay Grilled Sandwich & cutting chai is one of the best in the UK!  Well done Raj & Pavan!",https://nitter.poast.org/RajeshAgrawal/status/1767274184634196168#m,Rajesh Agrawal,RajeshAgrawal,6894,1524,10765,1068,Rajesh Agrawal,@RajeshAgrawal,
['https://nitter.poast.org/pic/orig/media%2FGIaIfMBXQAASbUL.jpg'],Rajesh Agrawal retweeted,,Rory Palmer,@Rory_Palmer,retweet,"Mar 11, 2024 Â· 6:03 PM UTC",,4,,13,"Good support in Netherhall yesterday with @RajeshAgrawal.
People keen to talk about @UKLabourâ€™s plans to get our economy growing again and to make our streets safe with more police and PCSOs.

#Rory4PCC #Labourdoorstep",https://nitter.poast.org/Rory_Palmer/status/1767249980102689276#m,Rajesh Agrawal,RajeshAgrawal,6894,1524,10765,1068,Rory Palmer,@Rory_Palmer,
['https://nitter.poast.org/pic/orig/media%2FGIVeoy0XUAA-kWe.jpg'],,,,,tweet,"Mar 10, 2024 Â· 8:22 PM UTC",,,,2,#Ramadan,https://nitter.poast.org/RajeshAgrawal/status/1766922490981282066#m,Rajesh Agrawal,RajeshAgrawal,6894,1524,10765,1068,Rajesh Agrawal,@RajeshAgrawal,
['https://nitter.poast.org/pic/orig/media%2FGIVY7bDWYAAqNYd.jpg'],,,,,tweet,"Mar 10, 2024 Â· 7:57 PM UTC",2,9,1,45,"It may be rainy and cold but the warm welcome at the doorsteps in Leicester East today brightened my day! 

The country is ready for change! ğŸŒ¹",https://nitter.poast.org/RajeshAgrawal/status/1766916216587772157#m,Rajesh Agrawal,RajeshAgrawal,6894,1524,10765,1068,Rajesh Agrawal,@RajeshAgrawal,
['https://nitter.poast.org/pic/orig/media%2FGIVQmjZXIAA_XS5.jpg'],,,,,tweet,"Mar 10, 2024 Â· 7:20 PM UTC",,,,,#ramadanmubarak,https://nitter.poast.org/RajeshAgrawal/status/1766907058706952597#m,Rajesh Agrawal,RajeshAgrawal,6894,1524,10765,1068,Rajesh Agrawal,@RajeshAgrawal,
[],Rajesh Agrawal retweeted,,Rachel Reeves,@RachelReevesMP,retweet,"Mar 10, 2024 Â· 9:02 AM UTC",983,269,180,"1,185","The lifeblood of economic growth is private sector investment which can create good jobs and spread productivity in every part of the country. 

Iâ€™m determined that the next Labour government is ready from day one to put our plan for growth into action.

thetimes.co.uk/article/23f2aâ€¦",https://nitter.poast.org/RachelReevesMP/status/1766751475953279179#m,Rajesh Agrawal,RajeshAgrawal,6894,1524,10765,1068,Rachel Reeves,@RachelReevesMP,
['https://nitter.poast.org/pic/orig/media%2FGIKrzY5WcAAW6xL.jpg'],Rajesh Agrawal retweeted,,Leicester Young Labour,@LeicesterYL,retweet,"Mar 8, 2024 Â· 6:03 PM UTC",1,5,1,8,"Weâ€™re excited to announce that on the 22nd March we will be hosting our first social of the year, at the Exchange Bar in Leicester and joined by the fantastic Leicester East PPC @RajeshAgrawal.

See below for more detailsğŸ‘‡",https://nitter.poast.org/LeicesterYL/status/1766162908323410259#m,Rajesh Agrawal,RajeshAgrawal,6894,1524,10765,1068,Leicester Young Labour,@LeicesterYL,
[],Rajesh Agrawal retweeted,,Rachel Reeves,@RachelReevesMP,retweet,"Mar 8, 2024 Â· 11:18 AM UTC",449,192,29,864,"Taxes at a 70 year high. No plan for growth. Working people worse off.

The British people deserve better than 14 years of Conservative economic failure. It's time for change.",https://nitter.poast.org/RachelReevesMP/status/1766060870528888960#m,Rajesh Agrawal,RajeshAgrawal,6894,1524,10765,1068,Rachel Reeves,@RachelReevesMP,
['https://nitter.poast.org/pic/orig/media%2FGIFp4voXIAAEFx4.jpg'],Rajesh Agrawal retweeted,,Sadiq Khan,@SadiqKhan,retweet,"Mar 7, 2024 Â· 6:37 PM UTC",,19,15,92,"It was a pleasure to welcome the Mayor of Dhaka North, Atiqul Islam to City Hall today. 

We discussed the progress our cities are making towards becoming greener and healthier places to live and work. Cities are leading the way in tackling the climate crisis.",https://nitter.poast.org/SadiqKhan/status/1765808960714530868#m,Rajesh Agrawal,RajeshAgrawal,6894,1524,10765,1068,Sadiq Khan,@SadiqKhan,
['https://nitter.poast.org/pic/orig/media%2FGIIva-UXMAAFHo2.jpg'],,,,,tweet,"Mar 8, 2024 Â· 9:00 AM UTC",,,,,#InternationalWomensDay,https://nitter.poast.org/RajeshAgrawal/status/1766026165058142327#m,Rajesh Agrawal,RajeshAgrawal,6894,1524,10765,1068,Rajesh Agrawal,@RajeshAgrawal,
['https://nitter.poast.org/pic/orig/media%2FGH-3tYmXEAAM3nt.jpg'],Rajesh Agrawal retweeted,,Rachel Reeves,@RachelReevesMP,retweet,"Mar 6, 2024 Â· 11:02 AM UTC",943,261,42,"1,418","It's time for change.

Together @Keir_Starmer and I will deliver more jobs, more investment and put more money in your pockets.",https://nitter.poast.org/RachelReevesMP/status/1765332038066782502#m,Rajesh Agrawal,RajeshAgrawal,6894,1524,10765,1068,Rachel Reeves,@RachelReevesMP,
['https://nitter.poast.org/pic/orig/media%2FGH7FZcKXwAE69hq.png'],Rajesh Agrawal retweeted,,The Labour Party,@UKLabour,retweet,"Mar 5, 2024 Â· 5:23 PM UTC","1,157","1,329",96,"5,934",You'd be better off with Labour.,https://nitter.poast.org/UKLabour/status/1765065710479565139#m,Rajesh Agrawal,RajeshAgrawal,6894,1524,10765,1068,The Labour Party,@UKLabour,
[],,,,,tweet,"Mar 2, 2024 Â· 11:41 AM UTC",,3,,14,"Homelessness is one of the most pressing issues facing our country. Over 109,000 households are now trapped in temporary accommodation across England. Enough children experiencing homelessness to fill over 5,000 classrooms! 

This must end. Time for a change!",https://nitter.poast.org/RajeshAgrawal/status/1763892428644483525#m,Rajesh Agrawal,RajeshAgrawal,6894,1524,10765,1068,Rajesh Agrawal,@RajeshAgrawal,
"['https://nitter.poast.org/pic/orig/media%2FGHmwEsXWcAAeLW5.jpg', 'https://nitter.poast.org/pic/orig/media%2FGHmwEsVWMAIqqgo.jpg']",,,,,tweet,"Mar 1, 2024 Â· 6:36 PM UTC",1,,,2,"Great to visit Leicester head office of @MSD_UK, a not-for-profit organisation, doing incredibly important work to drive diversity in supply chains of large corporations.",https://nitter.poast.org/RajeshAgrawal/status/1763634331740729516#m,Rajesh Agrawal,RajeshAgrawal,6894,1524,10765,1068,Rajesh Agrawal,@RajeshAgrawal,
"['https://nitter.poast.org/pic/orig/media%2FGHkh5X-XIAATAzN.jpg', 'https://nitter.poast.org/pic/orig/media%2FGHkh5X8WsAAHlet.jpg', 'https://nitter.poast.org/pic/orig/media%2FGHkh5YBX0AA0hQS.jpg', 'https://nitter.poast.org/pic/orig/media%2FGHkh5X-WsAAww8_.jpg']",,,,,tweet,"Mar 1, 2024 Â· 8:14 AM UTC",1,7,,17,"Leicester is one of the most diverse cities on earth. 

Really enjoyed attending East Midlands Chamberâ€™s  Celebration of Culture and Communities dinner last night.

From Gospel choir to Irish dancing, Bhangra and Dragon Dance - a wonder of different cultures. ğŸ‡¬ğŸ‡§",https://nitter.poast.org/RajeshAgrawal/status/1763478013591638263#m,Rajesh Agrawal,RajeshAgrawal,6894,1524,10765,1068,Rajesh Agrawal,@RajeshAgrawal,
[],Rajesh Agrawal retweeted,,Sadiq Khan,@SadiqKhan,retweet,"Feb 25, 2024 Â· 2:01 PM UTC","3,694","2,704",253,"11,626","Rishi Sunak's statement on hatred in politics fails to mention anti-Muslim hatred at all.

His deputy today refused to condemn Lee Andersonâ€™s racist and Islamophobic remarks.

These are just the two most recent examples of enabling anti-Muslim hatred in the Conservative party.",https://nitter.poast.org/SadiqKhan/status/1761753216474083401#m,Rajesh Agrawal,RajeshAgrawal,6894,1524,10765,1068,Sadiq Khan,@SadiqKhan,
[],Rajesh Agrawal retweeted,,The Labour Party,@UKLabour,retweet,"Feb 26, 2024 Â· 8:31 AM UTC","1,315",478,121,"1,826","Labour has a plan for housing that will give you and your family the stability and security you need.

A future built in Britain, by Britain, for Britain. 

independent.co.uk/money/laboâ€¦",https://nitter.poast.org/UKLabour/status/1762032746094833817#m,Rajesh Agrawal,RajeshAgrawal,6894,1524,10765,1068,The Labour Party,@UKLabour,
"['https://nitter.poast.org/pic/orig/media%2FGHAheBeXEAEIs49.jpg', 'https://nitter.poast.org/pic/orig/media%2FGHAheBeXIAAmw22.jpg', 'https://nitter.poast.org/pic/orig/media%2FGHAheBeXMAA7s7s.jpg']",,,,,tweet,"Feb 23, 2024 Â· 8:26 AM UTC",2,1,,10,"Fantastic to speak on â€œ What would a Labour government mean for entrepreneurs?â€ panel along side @tadeyoola, @FreemontLulu, @neil13r and @SeemaMalhotra1. 

Thank you @TenThinkTank @Philip_Salter for hosting and at the beautiful @UKHouseofLords",https://nitter.poast.org/RajeshAgrawal/status/1760944257966244329#m,Rajesh Agrawal,RajeshAgrawal,6894,1524,10765,1068,Rajesh Agrawal,@RajeshAgrawal,
['https://nitter.poast.org/pic/orig/media%2FGGezGlSaIAAmP4n.jpg'],Rajesh Agrawal retweeted,,David Lammy,@DavidLammy,retweet,"Feb 17, 2024 Â· 2:33 PM UTC",78,39,2,153,"Great to see you @sikorskiradek at the Munich Security Conference. 

Labour shares Polandâ€™s priorities in delivering for Ukraine and enhancing European security.",https://nitter.poast.org/DavidLammy/status/1758862228227269067#m,Rajesh Agrawal,RajeshAgrawal,6894,1524,10765,1068,David Lammy,@DavidLammy,
[],Rajesh Agrawal retweeted,,Rachel Reeves,@RachelReevesMP,retweet,"Feb 17, 2024 Â· 10:04 AM UTC",634,268,45,"1,003",Britain in recession exposes a Prime Minister with no plan to turn our economy around.,https://nitter.poast.org/RachelReevesMP/status/1758794530088685843#m,Rajesh Agrawal,RajeshAgrawal,6894,1524,10765,1068,Rachel Reeves,@RachelReevesMP,
[],,,,,tweet,"Feb 16, 2024 Â· 3:25 PM UTC",,5,,32,"Really enjoyed chatting with @saurabhtop of @TheLallantop during my recent visit to India on some aspects of my lifeâ€™s journey so far and other topics.

The entire interview is in Hindi. ğŸ‡¬ğŸ‡§ğŸ‡®ğŸ‡³

invidious.poast.org/FnOLa13JN4c?si=wKsRâ€¦ via @YouTube",https://nitter.poast.org/RajeshAgrawal/status/1758512900488991157#m,Rajesh Agrawal,RajeshAgrawal,6894,1524,10765,1068,Rajesh Agrawal,@RajeshAgrawal,
"['https://nitter.poast.org/pic/orig/media%2FGGcT4NLWoAArepn.jpg', 'https://nitter.poast.org/pic/orig/media%2FGGcT5YWWgAA8iMw.jpg']",Rajesh Agrawal retweeted,,Sadiq Khan,@SadiqKhan,retweet,"Feb 16, 2024 Â· 7:41 AM UTC",1,115,15,988,"Brilliant news. Congratulations to @damienegan and @Gvkitchen.

They will both make fantastic MPs. 

The country have had enough of the Tories - bring on the general election.",https://nitter.poast.org/SadiqKhan/status/1758396143036223588#m,Rajesh Agrawal,RajeshAgrawal,6894,1524,10765,1068,Sadiq Khan,@SadiqKhan,
[],Rajesh Agrawal retweeted,,Keir Starmer,@Keir_Starmer,retweet,"Feb 16, 2024 Â· 7:21 AM UTC","1,816","1,405",161,"9,071","The Kingswood and Wellingborough results show that people want change and are ready to put their faith in a changed Labour Party to deliver it.

The Tories have failed, Rishi's recession proves that. 

Labour is back in the service of working people.",https://nitter.poast.org/Keir_Starmer/status/1758391046940369337#m,Rajesh Agrawal,RajeshAgrawal,6894,1524,10765,1068,Keir Starmer,@Keir_Starmer,
[],Rajesh Agrawal retweeted,,Rachel Reeves,@RachelReevesMP,retweet,"Feb 15, 2024 Â· 5:32 PM UTC",505,408,33,"1,575","Taxes at a seventy-year high. Monthly mortgage payments soaring. The weekly shop still rising. 

This is Rishi's recession.
mirror.co.uk/news/politics/nâ€¦",https://nitter.poast.org/RachelReevesMP/status/1758182385085018485#m,Rajesh Agrawal,RajeshAgrawal,6894,1524,10765,1068,Rachel Reeves,@RachelReevesMP,
[],Rajesh Agrawal retweeted,,Keir Starmer,@Keir_Starmer,retweet,"Feb 14, 2024 Â· 6:28 PM UTC","1,871",568,141,"2,954","With @RachelReevesMP as Chancellor, Labour will get Britainâ€™s future back.",https://nitter.poast.org/Keir_Starmer/status/1757834280124764319#m,Rajesh Agrawal,RajeshAgrawal,6894,1524,10765,1068,Keir Starmer,@Keir_Starmer,
[],Rajesh Agrawal retweeted,,Keir Starmer,@Keir_Starmer,retweet,"Feb 15, 2024 Â· 7:52 AM UTC","1,749","1,306",131,"6,692","Rishi Sunak has failed to turn the corner on 14 years of Tory economic decline.
 
Britain is hit by a recession and itâ€™s working people who will pay the price.

It's time for change. Only Labour will deliver it.",https://nitter.poast.org/Keir_Starmer/status/1758036474983792732#m,Rajesh Agrawal,RajeshAgrawal,6894,1524,10765,1068,Keir Starmer,@Keir_Starmer,
[],,,,@RachelReevesMP,quote,"Feb 15, 2024 Â· 7:19 AM UTC",1,,,3,"For Britainâ€™s sake, itâ€™s time for change!",https://nitter.poast.org/RajeshAgrawal/status/1758028365708034386#m,Rajesh Agrawal,RajeshAgrawal,6894,1524,10765,1068,Rajesh Agrawal,@RajeshAgrawal,"Rishi Sunakâ€™s promise to grow the economy is now in tatters.
 
The prime minister can no longer credibly claim that his plan is working or that he has turned the corner on more than fourteen years of economic decline. 

Itâ€™s time for change. bbc.co.uk/news/live/businessâ€¦"
[],Rajesh Agrawal retweeted,,The Labour Party,@UKLabour,retweet,"Feb 12, 2024 Â· 10:03 AM UTC","1,074",421,140,"1,278","Labour is the party of business. 

Business leader @iain_w_anderson used to vote Tory, now he's backing Labour. Here's whyğŸ‘‡

thetimes.co.uk/article/ive-sâ€¦",https://nitter.poast.org/UKLabour/status/1756982244843893031#m,Rajesh Agrawal,RajeshAgrawal,6894,1524,10765,1068,The Labour Party,@UKLabour,
[],Rajesh Agrawal retweeted,,Keir Starmer,@Keir_Starmer,retweet,"Feb 10, 2024 Â· 8:43 PM UTC","1,793",504,127,"2,417","Well paid, skilled jobs near where you live. 

Thatâ€™s what the British people deserve. Thatâ€™s what my Labour government will deliver.

mirror.co.uk/news/politics/kâ€¦",https://nitter.poast.org/Keir_Starmer/status/1756418637571760536#m,Rajesh Agrawal,RajeshAgrawal,6894,1524,10765,1068,Keir Starmer,@Keir_Starmer,
['https://nitter.poast.org/pic/orig/media%2FGFpNg_5WYAAsUHb.jpg'],Rajesh Agrawal retweeted,,Eastern Eye,@EasternEye,retweet,"Feb 6, 2024 Â· 9:32 AM UTC",,1,,,"Labour party aims to boost trade ties with India
Read more- easterneye.biz/labour-party-â€¦
#LabourParty #TradeTies #India",https://nitter.poast.org/EasternEye/status/1754800324227834022#m,Rajesh Agrawal,RajeshAgrawal,6894,1524,10765,1068,Eastern Eye,@EasternEye,
[],Rajesh Agrawal retweeted,,David Lammy,@DavidLammy,retweet,"Feb 7, 2024 Â· 1:20 PM UTC",40,26,10,65,"The relationship between the UK and India transcends whoever is in government.

The trade deal we want to see should be the floor of this relationship - not the ceiling. 

Itâ€™s great to be in India and on @ndtv with @jreynoldsMP.",https://nitter.poast.org/DavidLammy/status/1755220089983443433#m,Rajesh Agrawal,RajeshAgrawal,6894,1524,10765,1068,David Lammy,@DavidLammy,
[],,,,@ndtv,quote,"Feb 7, 2024 Â· 9:21 AM UTC",1,1,,2,"Excellent interview of @jreynoldsMP and @DavidLammy clearly setting out Labour Partyâ€™s  ambitions for a strong UK-India partnership. ğŸ‡¬ğŸ‡§ğŸ‡®ğŸ‡³

@soniandtv @ndtv",https://nitter.poast.org/RajeshAgrawal/status/1755159911846072342#m,Rajesh Agrawal,RajeshAgrawal,6894,1524,10765,1068,Rajesh Agrawal,@RajeshAgrawal,ğŸ”´Watch #NDTVDialogues | UK's Shadow Foreign Secretary David Lammy (@DavidLammy) and Shadow Trade Secretary Jonathan Reynolds (@jreynoldsMP) speak exclusively to Sonia Singh (@soniandtv) nitter.poast.org/i/broadcasts/1Owâ€¦
[],Rajesh Agrawal retweeted,,iGlobal News,@iglobal_news,retweet,"Feb 6, 2024 Â· 1:26 PM UTC",2,4,,4,"#UK shadow minister @GarethThomasMP calls for govt action on support & investment into teaching of #Indian #languages like #Gujarati, #Urdu, #Bengali, #Punjabi, #Tamil & #Hindi for #students in Britain

@UKLabour @LFINupdates @RajeshAgrawal #GCSE #Labour 

iglobalnews.com/newsviews/laâ€¦",https://nitter.poast.org/iglobal_news/status/1754859058933203061#m,Rajesh Agrawal,RajeshAgrawal,6894,1524,10765,1068,iGlobal News,@iglobal_news,
['https://nitter.poast.org/pic/orig/media%2FGFpIKJsW8AEBHeM.jpg'],Rajesh Agrawal retweeted,,David Lammy,@DavidLammy,retweet,"Feb 6, 2024 Â· 11:49 AM UTC",62,30,4,80,"Great to meet again with Indiaâ€™s External Affairs Minister @DrSJaishankar in Delhi.

The next Labour government will be determined to deepen our links with India on trade, technology, defence and the green transition. A future FTA should be a floor, not a ceiling of our ambition.",https://nitter.poast.org/DavidLammy/status/1754834591339131226#m,Rajesh Agrawal,RajeshAgrawal,6894,1524,10765,1068,David Lammy,@DavidLammy,
['https://nitter.poast.org/pic/orig/media%2FGFpIKJsW8AEBHeM.jpg'],,,,@DrSJaishankar,quote,"Feb 6, 2024 Â· 11:49 AM UTC",,1,,2,Super excited about what a UK-India partnership can achieve together on global stage. ğŸ‡¬ğŸ‡§ğŸ‡®ğŸ‡³,https://nitter.poast.org/RajeshAgrawal/status/1754834704354750520#m,Rajesh Agrawal,RajeshAgrawal,6894,1524,10765,1068,Rajesh Agrawal,@RajeshAgrawal,"Delighted to welcome British Shadow Foreign Secretary @DavidLammy and Shadow Secretary of State for Business and Trade @jreynoldsMP this afternoon. 

Enjoyed our conversation that covered bilateral cooperation as well as important regional and global developments."
['https://nitter.poast.org/pic/orig/media%2FGFpIKJsW8AEBHeM.jpg'],Rajesh Agrawal retweeted,,Dr. S. Jaishankar (Modi Ka Parivar),@DrSJaishankar,retweet,"Feb 6, 2024 Â· 9:09 AM UTC",37,247,16,"2,435","Delighted to welcome British Shadow Foreign Secretary @DavidLammy and Shadow Secretary of State for Business and Trade @jreynoldsMP this afternoon. 

Enjoyed our conversation that covered bilateral cooperation as well as important regional and global developments.",https://nitter.poast.org/DrSJaishankar/status/1754794355783880838#m,Rajesh Agrawal,RajeshAgrawal,6894,1524,10765,1068,Dr. S. Jaishankar (Modi Ka Parivar),@DrSJaishankar,
['https://nitter.poast.org/pic/orig/media%2FGFooEYrXQAAdDZ4.jpg'],Rajesh Agrawal retweeted,,CII International,@CII4Global,retweet,"Feb 6, 2024 Â· 6:49 AM UTC",3,13,1,25,"Productive interaction with Members of Parliament & Shadow Cabinet of the UK Labour Party, in New Delhi on 6 Feb, 2024. @DavidLammy @jreynoldsMP @LabourIndians",https://nitter.poast.org/CII4Global/status/1754759086405545991#m,Rajesh Agrawal,RajeshAgrawal,6894,1524,10765,1068,CII International,@CII4Global,
['https://nitter.poast.org/pic/orig/media%2FGFpKURoWoAAhV2Y.jpg'],,,,@jreynoldsMP,quote,"Feb 6, 2024 Â· 10:58 AM UTC",,1,,4,"Great to see meeting between the Indian Trade and Commerce Minister @PiyushGoyal and  Labourâ€™s Shadow Secretary of State for Business & Trade @jreynoldsMP

There is huge potential of collaboration on trade between the two countries. ğŸ‡¬ğŸ‡§ğŸ‡®ğŸ‡³",https://nitter.poast.org/RajeshAgrawal/status/1754821821860360604#m,Rajesh Agrawal,RajeshAgrawal,6894,1524,10765,1068,Rajesh Agrawal,@RajeshAgrawal,"Excellent to meet the Commerce and Industry Minister, Piyush Goyal, to discuss trade and business relations between the UK and India."
[],Rajesh Agrawal retweeted,,Neasden Temple,@NeasdenTemple,retweet,"Feb 5, 2024 Â· 6:27 PM UTC",2,15,1,81,We offer our heartfelt prayers for a swift and full recovery for His Majesty King Charles III. @RoyalFamily,https://nitter.poast.org/NeasdenTemple/status/1754572355265810821#m,Rajesh Agrawal,RajeshAgrawal,6894,1524,10765,1068,Neasden Temple,@NeasdenTemple,
"['https://nitter.poast.org/pic/orig/media%2FGFl4PAtXkAAPjIz.jpg', 'https://nitter.poast.org/pic/orig/media%2FGFl4PAtW8AAjpKd.jpg']",,,,@RoyalFamily,quote,"Feb 5, 2024 Â· 6:52 PM UTC",,,,4,Wishing a full and speedy recovery to the King! ğŸ™ğŸ½ğŸ’™,https://nitter.poast.org/RajeshAgrawal/status/1754578880793285014#m,Rajesh Agrawal,RajeshAgrawal,6894,1524,10765,1068,Rajesh Agrawal,@RajeshAgrawal,"A statement from Buckingham Palace: 
royal.uk/a-statement-from-buâ€¦

ğŸ“· Samir Hussein"
['https://nitter.poast.org/pic/orig/media%2FGFkzgoKXwAA4Xo2.jpg'],,,,@DavidLammy,quote,"Feb 5, 2024 Â· 2:16 PM UTC",1,2,,8,"A strong UK-India partnership would be a force for good in the world - driving economic growth and global security. 

The Labour Party is hugely ambitious for what this partnership can achieve. ğŸ‡¬ğŸ‡§ğŸ‡®ğŸ‡³",https://nitter.poast.org/RajeshAgrawal/status/1754509349207048346#m,Rajesh Agrawal,RajeshAgrawal,6894,1524,10765,1068,Rajesh Agrawal,@RajeshAgrawal,"Excellent to be in Delhi with @jreynoldsMP.

Our ambition does not stop with a trade deal. It starts with it. India is pivotal to future global growth.

@UKLabour will seek a new UK-India strategic partnership on new and green technologies, alongside economic and global security."
['https://nitter.poast.org/pic/orig/media%2FGFkl7bBXAAAmYMY.jpg'],Rajesh Agrawal retweeted,,Jonathan Reynolds,@jreynoldsMP,retweet,"Feb 5, 2024 Â· 12:10 PM UTC",141,46,14,177,"Delighted to be in India with @DavidLammy deepening our two great nations' links and showing how Labourâ€™s foreign, industrial, business and trade policy will work hand in glove to deliver Labour's mission to make the UK the country with the highest sustained growth in the G7.",https://nitter.poast.org/jreynoldsMP/status/1754477681586905149#m,Rajesh Agrawal,RajeshAgrawal,6894,1524,10765,1068,Jonathan Reynolds,@jreynoldsMP,
['https://nitter.poast.org/pic/orig/media%2FGFkzgoKXwAA4Xo2.jpg'],Rajesh Agrawal retweeted,,David Lammy,@DavidLammy,retweet,"Feb 5, 2024 Â· 1:00 PM UTC",386,60,39,263,"Excellent to be in Delhi with @jreynoldsMP.

Our ambition does not stop with a trade deal. It starts with it. India is pivotal to future global growth.

@UKLabour will seek a new UK-India strategic partnership on new and green technologies, alongside economic and global security.",https://nitter.poast.org/DavidLammy/status/1754490174656909360#m,Rajesh Agrawal,RajeshAgrawal,6894,1524,10765,1068,David Lammy,@DavidLammy,
"['https://nitter.poast.org/pic/orig/media%2FGFfypQWW8AAFBd0.jpg', 'https://nitter.poast.org/pic/orig/media%2FGFfyt-nW0AEHlZI.jpg', 'https://nitter.poast.org/pic/orig/media%2FGFfyxOaWwAAtUyf.jpg', 'https://nitter.poast.org/pic/orig/media%2FGFfy0UTXwAAHf1y.jpg', 'https://nitter.poast.org/pic/orig/media%2FGFPgSnjWkAAyEmF.jpg']",Rajesh Agrawal retweeted,,Sadiq Khan,@SadiqKhan,retweet,"Feb 4, 2024 Â· 1:39 PM UTC",,19,4,80,"Good to spend time with business leaders and to speak at a packed Labour Business Conference this week about how since May 2016 in London:

â˜‘ï¸ GVA is up 11%
â˜‘ï¸ Over 330K new jobs created 
â˜‘ï¸ Six-fold increase in London Living Wage employers
â˜‘ï¸ 12,000 businesses supported to start, sustain and grow 

Labour is the party of business. Imagine the difference a Labour Mayor working with a Labour government could make.",https://nitter.poast.org/SadiqKhan/status/1754137642478768143#m,Rajesh Agrawal,RajeshAgrawal,6894,1524,10765,1068,Sadiq Khan,@SadiqKhan,
[],Rajesh Agrawal retweeted,,Rachel Reeves,@RachelReevesMP,retweet,"Feb 1, 2024 Â· 12:09 PM UTC","2,162",231,580,"1,332","Labour has changed. We are now the pro-worker, pro-business party.
theguardian.com/business/202â€¦",https://nitter.poast.org/RachelReevesMP/status/1753027714552873342#m,Rajesh Agrawal,RajeshAgrawal,6894,1524,10765,1068,Rachel Reeves,@RachelReevesMP,
[],Rajesh Agrawal retweeted,,Keir Starmer,@Keir_Starmer,retweet,"Feb 1, 2024 Â· 1:52 PM UTC","1,311",223,267,"1,061",Labour is the party of business. nitter.poast.org/i/broadcasts/1kvâ€¦,https://nitter.poast.org/Keir_Starmer/status/1753053598681043375#m,Rajesh Agrawal,RajeshAgrawal,6894,1524,10765,1068,Keir Starmer,@Keir_Starmer,
['https://nitter.poast.org/pic/orig/media%2FGFLUGTbaAAACGrv.jpg'],,,,,tweet,"Jan 31, 2024 Â· 2:13 PM UTC",1,2,1,30,Leicester East meets Harrow East.ğŸŒ¹ @PrimeshPatel #EastisEast,https://nitter.poast.org/RajeshAgrawal/status/1752696524222394434#m,Rajesh Agrawal,RajeshAgrawal,6894,1524,10765,1068,Rajesh Agrawal,@RajeshAgrawal,
[],Rajesh Agrawal retweeted,,Rachel Reeves,@RachelReevesMP,retweet,"Jan 31, 2024 Â· 7:41 AM UTC","1,094",158,155,861,"The next Labour government will unashamedly champion the UKâ€™s financial services sector to get our economy growing.
ft.com/content/e998703a-4285â€¦",https://nitter.poast.org/RachelReevesMP/status/1752597926621196435#m,Rajesh Agrawal,RajeshAgrawal,6894,1524,10765,1068,Rachel Reeves,@RachelReevesMP,
['https://nitter.poast.org/pic/orig/media%2FGFGtcrCWMBIY-dl.jpg'],,,,@londonpartners,quote,"Jan 30, 2024 Â· 10:59 PM UTC",3,2,,10,"Fantastic to see @growlondonlocal go live. I know how much effort has gone into launching this super helpful service for small businesses. 

Congratulations!  @MayorofLondon @SadiqKhan @howarddawber @londonpartners ğŸ™ŒğŸ½",https://nitter.poast.org/RajeshAgrawal/status/1752466636039205147#m,Rajesh Agrawal,RajeshAgrawal,6894,1524,10765,1068,Rajesh Agrawal,@RajeshAgrawal,"A huge day, as @growlondonlocal goes live ğŸ‰
 
We launched our one-stop shop for #London's small business support at @LetsjamLondon in @CamdenMarket, with our CEO @LauraCitron, Chairman @howarddawber & @MayorofLondon ğŸ¤ğŸ“ˆ
 
Read about our newest service ğŸ‘‡
bit.ly/47RaV4V"
"['https://nitter.poast.org/pic/orig/media%2FGFFw71TagAAFSSd.jpg', 'https://nitter.poast.org/pic/orig/media%2FGFFw71TbwAAQnLo.jpg', 'https://nitter.poast.org/pic/orig/media%2FGFFw71QakAAIzy2.jpg']",Rajesh Agrawal retweeted,,"Mayor of London, Sadiq Khan",@MayorofLondon,retweet,"Jan 30, 2024 Â· 12:30 PM UTC",70,23,2,47,"Our cityâ€™s one million small businesses are the backbone of our economy.

Today I was in Camden to launch Grow London Local, a one-stop shop where small businesses can get support, delivered by @LondonPartners. I spoke to small business owners about the challenges theyâ€™re facing.",https://nitter.poast.org/MayorofLondon/status/1752308178241622086#m,Rajesh Agrawal,RajeshAgrawal,6894,1524,10765,1068,"Mayor of London, Sadiq Khan",@MayorofLondon,
[],Rajesh Agrawal retweeted,,Keir Starmer,@Keir_Starmer,retweet,"Jan 26, 2024 Â· 9:04 AM UTC","2,275",440,404,"2,651","As Director of Public Prosecutions, I saw how antisocial behaviour can ruin lives. 

As Prime Minister, I will take tough action on yobs terrorising our streets. 

Itâ€™s time to bring respect back to Britain.

express.co.uk/comment/expresâ€¦",https://nitter.poast.org/Keir_Starmer/status/1750806878630584658#m,Rajesh Agrawal,RajeshAgrawal,6894,1524,10765,1068,Keir Starmer,@Keir_Starmer,
['https://nitter.poast.org/pic/orig/media%2FGEnrMYAXUAA3pxW.jpg'],,,,,tweet,"Jan 24, 2024 Â· 4:07 PM UTC",,,,4,"The @ACCA_UK is a force for public good. It has played a huge role since 1904 as a globally recognised professional accountancy body. 

Fantastic to visit their HQ and see the Royal Charter granted to them in 1974 by Her Majesty Queen Elizabeth II.",https://nitter.poast.org/RajeshAgrawal/status/1750188537469673895#m,Rajesh Agrawal,RajeshAgrawal,6894,1524,10765,1068,Rajesh Agrawal,@RajeshAgrawal,
"['https://nitter.poast.org/pic/orig/media%2FGEhR1reWsAAO37J.jpg', 'https://nitter.poast.org/pic/orig/media%2FGEhR1r7WMAAIMl6.jpg']",,,,,tweet,"Jan 23, 2024 Â· 10:19 AM UTC",,3,,7,"Great to see overwhelming  support from businesses for the Labour Party.

Thanks to @Labour_Business for putting this fantastic event along with @SovereignPA and @ACCA_UK 

@darrenpjones 
@LizHind3 @andrewpakes_ @CatherineFookes @LiamConlon2",https://nitter.poast.org/RajeshAgrawal/status/1749738587849973889#m,Rajesh Agrawal,RajeshAgrawal,6894,1524,10765,1068,Rajesh Agrawal,@RajeshAgrawal,
['https://nitter.poast.org/pic/orig/media%2FGEfBiWmXgAAwOes.jpg'],Rajesh Agrawal retweeted,,Labour Business,@Labour_Business,retweet,"Jan 22, 2024 Â· 11:48 PM UTC",,2,,3,What a great line up of Labour Businessâ€™s endorsed candidates speaking to a Vice Chair â¦@LizHind3â©. Thanks to â¦â¦@RajeshAgrawalâ© â¦@andrewpakes_â© â¦@CatherineFookesâ© â¦@LiamConlon2â© #LaboutBusiness  #GeneralElection2024,https://nitter.poast.org/Labour_Business/status/1749579782033940920#m,Rajesh Agrawal,RajeshAgrawal,6894,1524,10765,1068,Labour Business,@Labour_Business,
[],Rajesh Agrawal retweeted,,Rachel Reeves,@RachelReevesMP,retweet,"Jan 21, 2024 Â· 6:11 PM UTC",733,162,91,725,My time in DavosğŸ‘‡,https://nitter.poast.org/RachelReevesMP/status/1749132567792488719#m,Rajesh Agrawal,RajeshAgrawal,6894,1524,10765,1068,Rachel Reeves,@RachelReevesMP,
"['https://nitter.poast.org/pic/orig/media%2FGAk7BzrXwAA-DZb.jpg', 'https://nitter.poast.org/pic/orig/media%2FGAk7BznXkAA5N9_.jpg', 'https://nitter.poast.org/pic/orig/media%2FGAk7BzqW0AAVgi5.jpg']",Rajesh Agrawal retweeted,,Asian Voice,@AsianVoiceNews,retweet,"Dec 5, 2023 Â· 10:14 AM UTC",,1,,2,"As he gears up to run as Labour MP from Leicester East, Rajesh Agrawal shared his vision for the future and his long-standing relationship with Asian Voice in a special exclusive conversation.

.@RajeshAgrawal 

Read more here: asian-voice.com/News/UK/I-waâ€¦",https://nitter.poast.org/AsianVoiceNews/status/1731980441974935987#m,Rajesh Agrawal,RajeshAgrawal,6894,1524,10765,1068,Asian Voice,@AsianVoiceNews,
['https://nitter.poast.org/pic/orig/media%2FGEHs0jaWcAAbMqu.jpg'],,,,,tweet,"Jan 18, 2024 Â· 11:06 AM UTC",1,2,,28,"An emotional farewell to colleagues at the @MayorofLondon, @LDN_gov and @londonpartners 

It has been an absolute privilege and honour to serve London for nearly eight years during some of the most challenging times. 

Thank you all for your help and support over the years. ğŸ™ğŸ½",https://nitter.poast.org/RajeshAgrawal/status/1747938523028566526#m,Rajesh Agrawal,RajeshAgrawal,6894,1524,10765,1068,Rajesh Agrawal,@RajeshAgrawal,
['https://nitter.poast.org/pic/orig/media%2FGEHk4vHWAAArouO.jpg'],Rajesh Agrawal retweeted,,Rachel Reeves,@RachelReevesMP,retweet,"Jan 18, 2024 Â· 10:32 AM UTC",496,86,282,553,"The next Labour government will work with the tech sector to bring jobs and prosperity to Britain.

Thank you to @sriramk for organising and @coinbase for hosting breakfast this morning.",https://nitter.poast.org/RachelReevesMP/status/1747929886365261919#m,Rajesh Agrawal,RajeshAgrawal,6894,1524,10765,1068,Rachel Reeves,@RachelReevesMP,
[],Rajesh Agrawal retweeted,,Sky News,@SkyNews,retweet,"Jan 18, 2024 Â· 8:47 AM UTC",767,"1,048",213,"3,426","""I'm seeing poverty I never thought I would see in my lifetime again"" 

Gordon Brown says the goal is to abolish food banks but we have to deal with the ""here and now"" as ""2024 could be a worse year for poverty"" and we need to do ""far more"".

trib.al/Rx0iR33

ğŸ“º Sky 501",https://nitter.poast.org/SkyNews/status/1747903449562276074#m,Rajesh Agrawal,RajeshAgrawal,6894,1524,10765,1068,Sky News,@SkyNews,
[],Rajesh Agrawal retweeted,,Rachel Reeves,@RachelReevesMP,retweet,"Jan 17, 2024 Â· 2:27 PM UTC",886,194,72,836,Labour is the party of economic growth and the party of wealth creation.,https://nitter.poast.org/RachelReevesMP/status/1747626766913413442#m,Rajesh Agrawal,RajeshAgrawal,6894,1524,10765,1068,Rachel Reeves,@RachelReevesMP,
['https://nitter.poast.org/pic/orig/media%2FGECJK1DWQAALGpn.jpg'],,,,,tweet,"Jan 17, 2024 Â· 9:12 AM UTC",,11,,51,"There is a huge synergy between the UK and Indian creative industries. 

Was delighted to meet thr legendary Bollywood actress @MadhuriDixit and of course, invited her to Leicester East - the constituency with the largest Indian community in the UK.  ğŸ‡¬ğŸ‡§ğŸ‡®ğŸ‡³",https://nitter.poast.org/RajeshAgrawal/status/1747547519368798684#m,Rajesh Agrawal,RajeshAgrawal,6894,1524,10765,1068,Rajesh Agrawal,@RajeshAgrawal,
['https://nitter.poast.org/pic/orig/media%2FGD9wfJWWQAEvQOA.jpg'],Rajesh Agrawal retweeted,,The Fabian Society,@thefabians,retweet,"Jan 16, 2024 Â· 12:58 PM UTC",2,4,,6,"Plans for Power: Business and Growth, in partnership with @ICAEW 

@jreynoldsMP | @MichaelIzza | @RajeshAgrawal | @DGalvanise | @sasjkia 

15.15-16.15 | Old Library",https://nitter.poast.org/thefabians/status/1747241870856470660#m,Rajesh Agrawal,RajeshAgrawal,6894,1524,10765,1068,The Fabian Society,@thefabians,
[],Rajesh Agrawal retweeted,,Rachel Reeves,@RachelReevesMP,retweet,"Jan 16, 2024 Â· 7:44 AM UTC","2,033",328,261,"1,671",Labour is now the party of wealth creation. telegraph.co.uk/business/202â€¦,https://nitter.poast.org/RachelReevesMP/status/1747162884893741139#m,Rajesh Agrawal,RajeshAgrawal,6894,1524,10765,1068,Rachel Reeves,@RachelReevesMP,
"['https://nitter.poast.org/pic/orig/media%2FGD_GBEGWIAAI2F9.jpg', 'https://nitter.poast.org/pic/orig/media%2FGD_GBEHXIAAp44E.jpg', 'https://nitter.poast.org/pic/orig/media%2FGD_GBEEXIAIfh7F.jpg', 'https://nitter.poast.org/pic/orig/media%2FGD_GBEEW4AArFWY.jpg']",,,,,tweet,"Jan 16, 2024 Â· 7:00 PM UTC",,1,,11,Great to meet founders of some of the fastest growing tech companies in Mumbai and venture capitalists. I invited them to invest in the UK. ğŸ‡¬ğŸ‡§ğŸ‡®ğŸ‡³,https://nitter.poast.org/RajeshAgrawal/status/1747332913929007417#m,Rajesh Agrawal,RajeshAgrawal,6894,1524,10765,1068,Rajesh Agrawal,@RajeshAgrawal,
['https://nitter.poast.org/pic/orig/media%2FGDo80ZlWAAARxNu.jpg'],Rajesh Agrawal retweeted,,Keir Starmer,@Keir_Starmer,retweet,"Jan 12, 2024 Â· 11:48 AM UTC",837,401,109,"2,332","Labour will fix NHS dentistry, because the main reason children go to A&E shouldnâ€™t be rotting teeth.",https://nitter.poast.org/Keir_Starmer/status/1745774689534816383#m,Rajesh Agrawal,RajeshAgrawal,6894,1524,10765,1068,Keir Starmer,@Keir_Starmer,
[],Rajesh Agrawal retweeted,,Keir Starmer,@Keir_Starmer,retweet,"Jan 12, 2024 Â· 8:16 AM UTC","1,568",576,104,"2,559","We can turn the NHS around so itâ€™s fit for the future.

We can get waiting lists down.

We can make sure our children are the healthiest generation ever.

Thatâ€™s Labourâ€™s plan.",https://nitter.poast.org/Keir_Starmer/status/1745721339850224052#m,Rajesh Agrawal,RajeshAgrawal,6894,1524,10765,1068,Keir Starmer,@Keir_Starmer,
['https://nitter.poast.org/pic/orig/media%2FGDnEKD4bUAAZfo2.jpg'],Rajesh Agrawal retweeted,,CP Gurnani,@C_P_Gurnani,retweet,"Jan 12, 2024 Â· 3:57 AM UTC",1,2,,14,"Thanks Vishal .It was fun evening .It started with Anita and  I wanted  to  join you and Yashraj  in hosting  a  Reception  at  my apartment , for my good friend  Rajesh Agrawal who  was the Deputy Mayor of London for Business and Chairman of London and Partners, London's trade and business growth  engine  .It   was  a fun evening, and we had  some interesting conversations with  Karn Nagpal ,  Pratik Bose , Akash ,  Live wire Akshay,  Akansha , Vishesh Khurana ,  Prerna  Gupta , Ambassador Singh and  his charming wife Maina   .Lovely  evening  with all of you .Happy  that we met   so many young and  . Missed Vijay . Edge  Team  . u are incredible.",https://nitter.poast.org/C_P_Gurnani/status/1745656224279130164#m,Rajesh Agrawal,RajeshAgrawal,6894,1524,10765,1068,CP Gurnani,@C_P_Gurnani,
"['https://nitter.poast.org/pic/orig/media%2FGDnOVfTXUAAczPe.jpg', 'https://nitter.poast.org/pic/orig/media%2FGDnOVfTWsAAeOs0.jpg', 'https://nitter.poast.org/pic/orig/media%2FGDnOVfRXEAAvswv.jpg']",Rajesh Agrawal retweeted,,CP Gurnani,@C_P_Gurnani,retweet,"Jan 12, 2024 Â· 4:00 AM UTC",1,2,,27,Come back Rajesh ...Yeh Dil Mange More,https://nitter.poast.org/C_P_Gurnani/status/1745656929228402847#m,Rajesh Agrawal,RajeshAgrawal,6894,1524,10765,1068,CP Gurnani,@C_P_Gurnani,
"['https://nitter.poast.org/pic/orig/media%2FGDnOVfTXUAAczPe.jpg', 'https://nitter.poast.org/pic/orig/media%2FGDnOVfTWsAAeOs0.jpg', 'https://nitter.poast.org/pic/orig/media%2FGDnOVfRXEAAvswv.jpg']",,,,,tweet,"Jan 12, 2024 Â· 3:51 AM UTC",1,3,1,9,"In freezing Delhi, I was overwhelmed by the warm welcome I received from some of the most talented Indian tech entrepreneurs. 

Thank you @EDGECommunityHQ @Akshay001 @yashrajx @C_P_Gurnani for putting this fantastic event together. ğŸ‡¬ğŸ‡§ğŸ‡®ğŸ‡³",https://nitter.poast.org/RajeshAgrawal/status/1745654742070518093#m,Rajesh Agrawal,RajeshAgrawal,6894,1524,10765,1068,Rajesh Agrawal,@RajeshAgrawal,
"['https://nitter.poast.org/pic/orig/media%2FGDnOVfTXUAAczPe.jpg', 'https://nitter.poast.org/pic/orig/media%2FGDnOVfTWsAAeOs0.jpg', 'https://nitter.poast.org/pic/orig/media%2FGDnOVfRXEAAvswv.jpg']",,,,,tweet,"Jan 12, 2024 Â· 3:46 AM UTC",,5,,14,"In freezing Delhi, I was overwhelmed by the warm welcome I received from some of the most talented Indian tech entrepreneurs. 

Thank you @EDGECommunityHQ @Akshay001 @yashrajx @C_P_Gurnani for putting this fantastic event together. ğŸ‡¬ğŸ‡§ğŸ‡®ğŸ‡³",https://nitter.poast.org/RajeshAgrawal/status/1745653334953111620#m,Rajesh Agrawal,RajeshAgrawal,6894,1524,10765,1068,Rajesh Agrawal,@RajeshAgrawal,
['https://nitter.poast.org/pic/orig/media%2FGDkj3moWoAEcYp-.jpg'],,,,,tweet,"Jan 11, 2024 Â· 3:20 PM UTC",2,,,8,"Thoroughly enjoyed meeting Saurabh Dwivedi, Founding Editor of The Lallantop, India's most popular Hindi digital-first news outlet. @TheLallantop @saurabhtop",https://nitter.poast.org/RajeshAgrawal/status/1745465780534391024#m,Rajesh Agrawal,RajeshAgrawal,6894,1524,10765,1068,Rajesh Agrawal,@RajeshAgrawal,
"['https://nitter.poast.org/pic/orig/media%2FGDI-VQJXwAE5FHM.jpg', 'https://nitter.poast.org/pic/orig/media%2FGDI-VQFWoAARFja.jpg', 'https://nitter.poast.org/pic/orig/media%2FGDI-VQIWMAAnsWp.jpg']",,,,,tweet,"Jan 6, 2024 Â· 6:47 AM UTC",,,,23,"Quite an experience attending the Ganga Aarti on the Ghats of Varanasi, one of the oldest continually inhabited cities in the world.

It is one of the most visited pilgrimages for Hindus with a syncretic tradition of Muslim artisanship that underpins its huge religious tourism.",https://nitter.poast.org/RajeshAgrawal/status/1743524556256501858#m,Rajesh Agrawal,RajeshAgrawal,6894,1524,10765,1068,Rajesh Agrawal,@RajeshAgrawal,
[],Rajesh Agrawal retweeted,,Keir Starmer,@Keir_Starmer,retweet,"Jan 4, 2024 Â· 9:19 AM UTC","4,470","1,976",544,"11,962","I didnâ€™t come into politics to watch the Tories drive the country I love into the rocks of decline.

I want to tilt Britain back towards the interests of working people.

So this year, I ask you to believe in our future again and vote Labour, to change the course of our country.",https://nitter.poast.org/Keir_Starmer/status/1742838085530927457#m,Rajesh Agrawal,RajeshAgrawal,6894,1524,10765,1068,Keir Starmer,@Keir_Starmer,
[],Rajesh Agrawal retweeted,,Keir Starmer,@Keir_Starmer,retweet,"Jan 3, 2024 Â· 9:27 PM UTC","2,449","1,238",204,"7,843","This year, we get the chance to change the country for the better.

Bring it on.

mirror.co.uk/news/politics/kâ€¦",https://nitter.poast.org/Keir_Starmer/status/1742658878230155395#m,Rajesh Agrawal,RajeshAgrawal,6894,1524,10765,1068,Keir Starmer,@Keir_Starmer,
['https://nitter.poast.org/pic/orig/media%2FGCLgRnzXYAArDGK.jpg'],,,,,tweet,"Dec 25, 2023 Â· 8:18 AM UTC",1,1,,17,#MerryChristmas,https://nitter.poast.org/RajeshAgrawal/status/1739199010966016425#m,Rajesh Agrawal,RajeshAgrawal,6894,1524,10765,1068,Rajesh Agrawal,@RajeshAgrawal,
